{
  "schema_version": "v1",
  "name_for_human": "ReformaFácil",
  "name_for_model": "reforma_facil",
  "description_for_model": "Calcula presupuestos de reformas según Libro 46. Endpoints: /partidas, /presupuesto y /presupuesto/pdf.",
  "description_for_human": "Calcula presupuestos de obra con referencias del Libro 46 y genera PDF.",
  "auth": {
    "type": "user_http",
    "authorization_type": "bearer"
  },
  "api": {
    "type": "openapi",
    "url": "https://TU-DOMINIO/openapi.json",
    "is_user_authenticated": false
  },
  "logo_url": "http://localhost:8000/.well-known/logo.png",
  "contact_email": "contacto@pablodebenedettireformas.es",
  "legal_info_url": "http://localhost:8000/.well-known/legal"
}